Level,Next_Level_Required_EXP,Divided_by_20,Cumulative_EXP
1,100,5,0
2,101,5,100
3,102,5.1,201
4,103,5.2,303
5,103,5.2,406
6,104,5.2,509
7,105,5.2,613
8,106,5.3,718
9,107,5.3,824
10,108,5.4,931
11,109,5.5,1039
12,110,5.5,1148
13,111,5.5,1258
14,112,5.6,1369
15,113,5.7,1481
16,114,5.7,1594
17,115,5.8,1708
18,116,5.8,1823
19,117,5.8,1939
20,118,5.9,2056
21,119,6,2174
22,120,6,2293
23,121,6,2413
24,122,6.1,2534
25,123,6.2,2656
26,124,6.2,2779
27,125,6.2,2903
28,126,6.3,3028
29,127,6.3,3154
30,128,6.4,3281
31,129,6.5,3409
32,130,6.5,3538
33,131,6.5,3668
34,132,6.6,3799
35,134,6.7,3931
36,135,6.8,4065
37,136,6.8,4200
38,137,6.8,4336
39,138,6.9,4473
40,139,7,4611
41,141,7,4750
42,142,7.1,4891
43,143,7.2,5033
44,144,7.2,5176
45,146,7.3,5320
46,147,7.3,5466
47,148,7.4,5613
48,149,7.5,5761
49,151,7.5,5910
50,152,7.6,6061
51,153,7.7,6213
52,154,7.7,6366
53,156,7.8,6520
54,157,7.8,6676
55,158,7.9,6833
56,160,8,6991
57,161,8.1,7151
58,163,8.2,7312
59,164,8.2,7475
60,165,8.2,7639
61,167,8.3,7804
62,168,8.4,7971
63,170,8.5,8139
64,171,8.6,8309
65,173,8.7,8480
66,174,8.7,8653
67,176,8.8,8827
68,177,8.8,9003
69,179,8.9,9180
70,180,9,9359
71,182,9.1,9539
72,183,9.2,9721
73,185,9.2,9904
74,186,9.3,10089
75,188,9.4,10275
76,190,9.5,10463
77,191,9.6,10653
78,193,9.7,10844
79,194,9.7,11037
80,196,9.8,11231
81,198,9.9,11427
82,199,9.9,11625
83,201,10.1,11824
84,203,10.2,12025
85,205,10.2,12228
86,206,10.3,12433
87,208,10.4,12639
88,210,10.5,12847
89,212,10.6,13057
90,214,10.7,13269
91,215,10.8,13483
92,217,10.8,13698
93,219,10.9,13915
94,221,11.1,14134
95,223,11.2,14355
96,225,11.2,14578
97,227,11.3,14803
98,229,11.4,15030
99,231,11.6,15259
100,233,11.7,15490
101,235,11.8,15723
102,237,11.8,15958
103,239,11.9,16195
104,241,12.1,16434
105,243,12.2,16675
106,245,12.2,16918
107,247,12.3,17163
108,249,12.4,17410
109,251,12.6,17659
110,253,12.7,17910
111,255,12.8,18163
112,258,12.9,18418
113,260,13,18676
114,262,13.1,18936
115,264,13.2,19198
116,267,13.3,19462
117,269,13.4,19729
118,271,13.6,19998
119,273,13.7,20269
120,276,13.8,20542
121,278,13.9,20818
122,281,14.1,21096
123,283,14.2,21377
124,285,14.2,21660
125,288,14.4,21945
126,290,14.5,22233
127,293,14.7,22523
128,295,14.8,22816
129,298,14.9,23111
130,300,15,23409
131,303,15.2,23709
132,306,15.3,24012
133,308,15.4,24318
134,311,15.6,24626
135,313,15.7,24937
136,316,15.8,25250
137,319,15.9,25566
138,322,16.1,25885
139,324,16.2,26207
140,327,16.4,26531
141,330,16.5,26858
142,333,16.6,27188
143,336,16.8,27521
144,338,16.9,27857
145,341,17.1,28195
146,344,17.2,28536
147,347,17.4,28880
148,350,17.5,29227
149,353,17.6,29577
150,356,17.8,29930
151,359,17.9,30286
152,362,18.1,30645
153,365,18.2,31007
154,369,18.4,31372
155,372,18.6,31741
156,375,18.8,32113
157,378,18.9,32488
158,381,19.1,32866
159,385,19.2,33247
160,388,19.4,33632
161,391,19.6,34020
162,395,19.8,34411
163,398,19.9,34806
164,401,20.1,35204
165,405,20.2,35605
166,408,20.4,36010
167,412,20.6,36418
168,415,20.8,36830
169,419,20.9,37245
170,422,21.1,37664
171,426,21.3,38086
172,430,21.5,38512
173,433,21.6,38942
174,437,21.9,39375
175,441,22.1,39812
176,445,22.2,40253
177,448,22.4,40698
178,452,22.6,41146
179,456,22.8,41598
180,460,23,42054
181,464,23.2,42514
182,468,23.4,42978
183,472,23.6,43446
184,476,23.8,43918
185,480,24,44394
186,484,24.2,44874
187,488,24.4,45358
188,492,24.6,45846
189,497,24.9,46338
190,501,25.1,46835
191,505,25.2,47336
192,510,25.5,47841
193,514,25.7,48351
194,518,25.9,48865
195,523,26.1,49383
196,527,26.4,49906
197,532,26.6,50433
198,536,26.8,50965
199,541,27.1,51501
200,546,27.3,52042
201,550,27.5,52588
202,555,27.8,53138
203,560,28,53693
204,564,28.2,54253
205,569,28.4,54817
206,574,28.7,55386
207,579,28.9,55960
208,584,29.2,56539
209,589,29.4,57123
210,594,29.7,57712
211,599,29.9,58306
212,604,30.2,58905
213,609,30.4,59509
214,615,30.8,60118
215,620,31,60733
216,625,31.2,61353
217,631,31.6,61978
218,636,31.8,62609
219,641,32,63245
220,647,32.4,63886
221,653,32.6,64533
222,658,32.9,65186
223,664,33.2,65844
224,669,33.5,66508
225,675,33.8,67177
226,681,34,67852
227,687,34.4,68533
228,693,34.6,69220
229,699,35,69913
230,705,35.2,70612
231,711,35.5,71317
232,717,35.9,72028
233,723,36.1,72745
234,729,36.5,73468
235,735,36.8,74197
236,742,37.1,74932
237,748,37.4,75674
238,754,37.7,76422
239,761,38,77176
240,767,38.4,77937
241,774,38.7,78704
242,780,39,79478
243,787,39.4,80258
244,794,39.7,81045
245,801,40,81839
246,808,40.4,82640
247,814,40.7,83448
248,821,41,84262
249,828,41.4,85083
250,836,41.8,85911
251,843,42.1,86747
252,850,42.5,87590
253,857,42.9,88440
254,865,43.2,89297
255,872,43.6,90162
256,879,44,91034
257,887,44.4,91913
258,895,44.8,92800
259,902,45.1,93695
260,910,45.5,94597
261,918,45.9,95507
262,926,46.3,96425
263,933,46.6,97351
264,941,47,98284
265,950,47.5,99225
266,958,47.9,100175
267,966,48.3,101133
268,974,48.7,102099
269,982,49.1,103073
270,991,49.5,104055
271,999,50,105046
272,1008,50.4,106045
273,1017,50.9,107053
274,1025,51.2,108070
275,1034,51.7,109095
276,1043,52.1,110129
277,1052,52.6,111172
278,1061,53,112224
279,1070,53.5,113285
280,1079,54,114355
281,1088,54.4,115434
282,1098,54.9,116522
283,1107,55.4,117620
284,1116,55.8,118727
285,1126,56.3,119843
286,1136,56.8,120969
287,1145,57.2,122105
288,1155,57.8,123250
289,1165,58.2,124405
290,1175,58.8,125570
291,1185,59.2,126745
292,1195,59.8,127930
293,1206,60.3,129125
294,1216,60.8,130331
295,1226,61.3,131547
296,1237,61.9,132773
297,1247,62.4,134010
298,1258,62.9,135257
299,1269,63.5,136515
300,1280,64,137784
301,1291,64.5,139064
302,1302,65.1,140355
303,1313,65.7,141657
304,1324,66.2,142970
305,1335,66.8,144294
306,1347,67.3,145629
307,1358,67.9,146976
308,1370,68.5,148334
309,1382,69.1,149704
310,1394,69.7,151086
311,1405,70.2,152480
312,1418,70.9,153885
313,1430,71.5,155303
314,1442,72.1,156733
315,1454,72.7,158175
316,1467,73.3,159629
317,1479,74,161096
318,1492,74.6,162575
319,1505,75.2,164067
320,1518,75.9,165572
321,1531,76.5,167090
322,1544,77.2,168621
323,1557,77.8,170165
324,1570,78.5,171722
325,1584,79.2,173292
326,1597,79.8,174876
327,1611,80.5,176473
328,1625,81.2,178084
329,1639,82,179709
330,1653,82.7,181348
331,1667,83.3,183001
332,1681,84,184668
333,1695,84.8,186349
334,1710,85.5,188044
335,1725,86.2,189754
336,1739,87,191479
337,1754,87.7,193218
338,1769,88.5,194972
339,1784,89.2,196741
340,1800,90,198525
341,1815,90.8,200325
342,1831,91.5,202140
343,1846,92.3,203971
344,1862,93.1,205817
345,1878,93.9,207679
346,1894,94.7,209557
347,1910,95.5,211451
348,1927,96.3,213361
349,1943,97.2,215288
350,1960,98,217231
351,1977,98.8,219191
352,1994,99.7,221168
353,2011,100.5,223162
354,2028,101.4,225173
355,2045,102.2,227201
356,2063,103.2,229246
357,2080,104,231309
358,2098,104.9,233389
359,2116,105.8,235487
360,2134,106.7,237603
361,2153,107.7,239737
362,2171,108.5,241890
363,2190,109.5,244061
364,2208,110.4,246251
365,2227,111.3,248459
366,2246,112.3,250686
367,2266,113.3,252932
368,2285,114.2,255198
369,2305,115.2,257483
370,2324,116.2,259788
371,2344,117.2,262112
372,2364,118.2,264456
373,2384,119.2,266820
374,2405,120.2,269204
375,2425,121.2,271609
376,2446,122.3,274034
377,2467,123.3,276480
378,2488,124.4,278947
379,2510,125.5,281435
380,2531,126.5,283945
381,2553,127.7,286476
382,2575,128.8,289029
383,2597,129.8,291604
384,2619,130.9,294201
385,2641,132.1,296820
386,2664,133.2,299461
387,2687,134.3,302125
388,2710,135.5,304812
389,2733,136.7,307522
390,2756,137.8,310255
391,2780,139,313011
392,2804,140.2,315791
393,2828,141.4,318595
394,2852,142.6,321423
395,2876,143.8,324275
396,2901,145.1,327151
397,2926,146.3,330052
398,2951,147.6,332978
399,2976,148.8,335929
400,3002,150.1,338905
401,3027,151.3,341907
402,3053,152.7,344934
403,3079,153.9,347987
404,3106,155.3,351066
405,3132,156.6,354172
406,3159,157.9,357304
407,3186,159.3,360463
408,3214,160.7,363649
409,3241,162.1,366863
410,3269,163.4,370104
411,3297,164.8,373373
412,3325,166.2,376670
413,3354,167.7,379995
414,3382,169.1,383349
415,3411,170.6,386731
416,3440,172,390142
417,3470,173.5,393582
418,3500,175,397052
419,3530,176.5,400552
420,3560,178,404082
421,3590,179.5,407642
422,3621,181.1,411232
423,3652,182.6,414853
424,3683,184.2,418505
425,3715,185.8,422188
426,3747,187.3,425903
427,3779,188.9,429650
428,3811,190.6,433429
429,3844,192.2,437240
430,3877,193.8,441084
431,3910,195.5,444961
432,3943,197.2,448871
433,3977,198.8,452814
434,4011,200.6,456791
435,4045,202.2,460802
436,4080,204,464847
437,4115,205.8,468927
438,4150,207.5,473042
439,4186,209.3,477192
440,4222,211.1,481378
441,4258,212.9,485600
442,4294,214.7,489858
443,4331,216.6,494152
444,4368,218.4,498483
445,4405,220.2,502851
446,4443,222.2,507256
447,4481,224.1,511699
448,4520,226,516180
449,4558,227.9,520700
450,4597,229.8,525258
451,4637,231.8,529855
452,4676,233.8,534492
453,4716,235.8,539168
454,4757,237.8,543884
455,4797,239.8,548641
456,4839,241.9,553438
457,4880,244,558277
458,4922,246.1,563157
459,4964,248.2,568079
460,5006,250.3,573043
461,5049,252.4,578049
462,5093,254.7,583098
463,5136,256.8,588191
464,5180,259,593327
465,5224,261.2,598507
466,5269,263.4,603731
467,5314,265.7,609000
468,5360,268,614314
469,5406,270.3,619674
470,5452,272.6,625080
471,5499,274.9,630532
472,5546,277.3,636031
473,5593,279.6,641577
474,5641,282.1,647170
475,5689,284.4,652811
476,5738,286.9,658500
477,5787,289.4,664238
478,5837,291.9,670025
479,5887,294.4,675862
480,5937,296.9,681749
481,5988,299.4,687686
482,6039,301.9,693674
483,6091,304.6,699713
484,6143,307.1,705804
485,6196,309.8,711947
486,6249,312.4,718143
487,6302,315.1,724392
488,6356,317.8,730694
489,6411,320.6,737050
490,6466,323.3,743461
491,6521,326.1,749927
492,6577,328.9,756448
493,6633,331.6,763025
494,6690,334.5,769658
495,6747,337.4,776348
496,6805,340.2,783095
497,6863,343.1,789900
498,6922,346.1,796763
499,6981,349.1,803685
500,7041,352.1,810666
501,7101,355.1,817707
502,7162,358.1,824808
503,7223,361.1,831970
504,7285,364.2,839193
505,7348,367.4,846478
506,7411,370.6,853826
507,7474,373.7,861237
508,7538,376.9,868711
509,7603,380.1,876249
510,7668,383.4,883852
511,7733,386.6,891520
512,7799,389.9,899253
513,7866,393.3,907052
514,7934,396.7,914918
515,8002,400.1,922852
516,8070,403.5,930854
517,8139,406.9,938924
518,8209,410.4,947063
519,8279,413.9,955272
520,8350,417.5,963551
521,8422,421.1,971901
522,8494,424.7,980323
523,8566,428.3,988817
524,8640,432,997383
525,8714,435.7,1006023
526,8788,439.4,1014737
527,8864,443.2,1023525
528,8939,446.9,1032389
529,9016,450.8,1041328
530,9093,454.6,1050344
531,9171,458.6,1059437
532,9250,462.5,1068608
533,9329,466.4,1077858
534,9409,470.4,1087187
535,9489,474.4,1096596
536,9570,478.5,1106085
537,9652,482.6,1115655
538,9735,486.8,1125307
539,9818,490.9,1135042
540,9902,495.1,1144860
541,9987,499.4,1154762
542,10073,503.6,1164749
543,10159,507.9,1174822
544,10246,512.3,1184981
545,10334,516.7,1195227
546,10422,521.1,1205561
547,10511,525.5,1215983
548,10601,530,1226494
549,10692,534.6,1237095
550,10784,539.2,1247787
551,10876,543.8,1258571
552,10969,548.5,1269447
553,11063,553.1,1280416
554,11158,557.9,1291479
555,11253,562.6,1302637
556,11350,567.5,1313890
557,11447,572.4,1325240
558,11545,577.2,1336687
559,11644,582.2,1348232
560,11743,587.1,1359876
561,11844,592.2,1371619
562,11945,597.2,1383463
563,12048,602.4,1395408
564,12151,607.5,1407456
565,12255,612.8,1419607
566,12360,618,1431862
567,12466,623.3,1444222
568,12572,628.6,1456688
569,12680,634,1469260
570,12789,639.5,1481940
571,12898,644.9,1494729
572,13008,650.4,1507627
573,13120,656,1520635
574,13232,661.6,1533755
575,13345,667.2,1546987
576,13460,673,1560332
577,13575,678.8,1573792
578,13691,684.5,1587367
579,13808,690.4,1601058
580,13927,696.4,1614866
581,14046,702.3,1628793
582,14166,708.3,1642839
583,14287,714.4,1657005
584,14410,720.5,1671292
585,14533,726.6,1685702
586,14658,732.9,1700235
587,14783,739.1,1714893
588,14910,745.5,1729676
589,15037,751.9,1744586
590,15166,758.3,1759623
591,15296,764.8,1774789
592,15427,771.4,1790085
593,15559,778,1805512
594,15692,784.6,1821071
595,15827,791.4,1836763
596,15962,798.1,1852590
597,16099,805,1868552
598,16237,811.9,1884651
599,16376,818.8,1900888
600,16516,825.8,1917264
601,16657,832.9,1933780
602,16800,840,1950437
603,16944,847.2,1967237
604,17089,854.5,1984181
605,17235,861.8,2001270
606,17383,869.1,2018505
607,17532,876.6,2035888
608,17682,884.1,2053420
609,17833,891.6,2071102
610,17986,899.3,2088935
611,18140,907,2106921
612,18295,914.8,2125061
613,18452,922.6,2143356
614,18610,930.5,2161808
615,18769,938.5,2180418
616,18930,946.5,2199187
617,19092,954.6,2218117
618,19255,962.8,2237209
619,19420,971,2256464
620,19586,979.3,2275884
621,19754,987.7,2295470
622,19923,996.1,2315224
623,20094,1004.7,2335147
624,20266,1013.3,2355241
625,20439,1022,2375507
626,20614,1030.7,2395946
627,20791,1039.5,2416560
628,20969,1048.5,2437351
629,21148,1057.4,2458320
630,21330,1066.5,2479468
631,21512,1075.6,2500798
632,21696,1084.8,2522310
633,21882,1094.1,2544006
634,22069,1103.5,2565888
635,22258,1112.9,2587957
636,22449,1122.5,2610215
637,22641,1132,2632664
638,22835,1141.8,2655305
639,23031,1151.5,2678140
640,23228,1161.4,2701171
641,23427,1171.3,2724399
642,23627,1181.3,2747826
643,23830,1191.5,2771453
644,24034,1201.7,2795283
645,24239,1212,2819317
646,24447,1222.3,2843556
647,24656,1232.8,2868003
648,24867,1243.3,2892659
649,25080,1254,2917526
650,25295,1264.8,2942606
651,25512,1275.6,2967901
652,25730,1286.5,2993413
653,25950,1297.5,3019143
654,26173,1308.7,3045093
655,26397,1319.8,3071266
656,26623,1331.2,3097663
657,26851,1342.5,3124286
658,27080,1354,3151137
659,27312,1365.6,3178217
660,27546,1377.3,3205529
661,27782,1389.1,3233075
662,28020,1401,3260857
663,28260,1413,3288877
664,28502,1425.1,3317137
665,28746,1437.3,3345639
666,28992,1449.6,3374385
667,29240,1462,3403377
668,29491,1474.5,3432617
669,29743,1487.2,3462108
670,29998,1499.9,3491851
671,30255,1512.8,3521849
672,30514,1525.7,3552104
673,30775,1538.8,3582618
674,31038,1551.9,3613393
675,31304,1565.2,3644431
676,31572,1578.6,3675735
677,31842,1592.1,3707307
678,32115,1605.8,3739149
679,32390,1619.5,3771264
680,32667,1633.3,3803654
681,32947,1647.3,3836321
682,33229,1661.5,3869268
683,33514,1675.7,3902497
684,33801,1690,3936011
685,34090,1704.5,3969812
686,34382,1719.1,4003902
687,34676,1733.8,4038284
688,34973,1748.7,4072960
689,35273,1763.7,4107933
690,35575,1778.8,4143206
691,35879,1794,4178781
692,36187,1809.3,4214660
693,36496,1824.8,4250847
694,36809,1840.5,4287343
695,37124,1856.2,4324152
696,37442,1872.1,4361276
697,37762,1888.1,4398718
698,38086,1904.3,4436480
699,38412,1920.6,4474566
700,38741,1937,4512978
701,39072,1953.6,4551719
702,39407,1970.3,4590791
703,39744,1987.2,4630198
704,40085,2004.2,4669942
705,40428,2021.4,4710027
706,40774,2038.7,4750455
707,41123,2056.2,4791229
708,41475,2073.8,4832352
709,41830,2091.5,4873827
710,42189,2109.4,4915657
711,42550,2127.5,4957846
712,42914,2145.7,5000396
713,43282,2164.1,5043310
714,43652,2182.6,5086592
715,44026,2201.3,5130244
716,44403,2220.2,5174270
717,44783,2239.2,5218673
718,45166,2258.3,5263456
719,45553,2277.7,5308622
720,45943,2297.2,5354175
721,46337,2316.8,5400118
722,46733,2336.7,5446455
723,47133,2356.7,5493188
724,47537,2376.8,5540321
725,47944,2397.2,5587858
726,48355,2417.8,5635802
727,48769,2438.4,5684157
728,49186,2459.3,5732926
729,49607,2480.3,5782112
730,50032,2501.6,5831719
731,50460,2523,5881751
732,50892,2544.6,5932211
733,51328,2566.4,5983103
734,51768,2588.4,6034431
735,52211,2610.6,6086199
736,52658,2632.9,6138410
737,53109,2655.4,6191068
738,53564,2678.2,6244177
739,54022,2701.1,6297741
740,54485,2724.2,6351763
741,54951,2747.6,6406248
742,55422,2771.1,6461199
743,55896,2794.8,6516621
744,56375,2818.8,6572517
745,56858,2842.9,6628892
746,57344,2867.2,6685750
747,57835,2891.8,6743094
748,58331,2916.6,6800929
749,58830,2941.5,6859260
750,59334,2966.7,6918090
751,59842,2992.1,6977424
752,60354,3017.7,7037266
753,60871,3043.6,7097620
754,61392,3069.6,7158491
755,61918,3095.9,7219883
756,62448,3122.4,7281801
757,62983,3149.2,7344249
758,63522,3176.1,7407232
759,64066,3203.3,7470754
760,64614,3230.7,7534820
761,65168,3258.4,7599434
762,65726,3286.3,7664602
763,66288,3314.4,7730328
764,66856,3342.8,7796616
765,67428,3371.4,7863472
766,68006,3400.3,7930900
767,68588,3429.4,7998906
768,69175,3458.8,8067494
769,69767,3488.3,8136669
770,70365,3518.2,8206436
771,70967,3548.3,8276801
772,71575,3578.8,8347768
773,72188,3609.4,8419343
774,72806,3640.3,8491531
775,73429,3671.4,8564337
776,74058,3702.9,8637766
777,74692,3734.6,8711824
778,75332,3766.6,8786516
779,75977,3798.8,8861848
780,76627,3831.3,8937825
781,77283,3864.2,9014452
782,77945,3897.2,9091735
783,78612,3930.6,9169680
784,79285,3964.2,9248292
785,79964,3998.2,9327577
786,80649,4032.4,9407541
787,81339,4066.9,9488190
788,82036,4101.8,9569529
789,82738,4136.9,9651565
790,83447,4172.4,9734303
791,84161,4208.1,9817750
792,84882,4244.1,9901911
793,85608,4280.4,9986793
794,86341,4317.1,10072401
795,87081,4354.1,10158742
796,87826,4391.3,10245823
797,88578,4428.9,10333649
798,89337,4466.9,10422227
799,90102,4505.1,10511564
800,90873,4543.6,10601666
801,91651,4582.6,10692539
802,92436,4621.8,10784190
803,93227,4661.4,10876626
804,94026,4701.3,10969853
805,94831,4741.6,11063879
806,95643,4782.1,11158710
807,96462,4823.1,11254353
808,97287,4864.4,11350815
809,98120,4906,11448102
810,98961,4948.1,11546222
811,99808,4990.4,11645183
812,100662,5033.1,11744991
813,101524,5076.2,11845653
814,102394,5119.7,11947177
815,103270,5163.5,12049571
816,104155,5207.8,12152841
817,105046,5252.3,12256996
818,105946,5297.3,12362042
819,106853,5342.6,12467988
820,107768,5388.4,12574841
821,108691,5434.6,12682609
822,109621,5481.1,12791300
823,110560,5528,12900921
824,111506,5575.3,13011481
825,112461,5623.1,13122987
826,113424,5671.2,13235448
827,114395,5719.8,13348872
828,115375,5768.8,13463267
829,116362,5818.1,13578642
830,117359,5867.9,13695004
831,118364,5918.2,13812363
832,119377,5968.9,13930727
833,120399,6019.9,14050104
834,121430,6071.5,14170503
835,122470,6123.5,14291933
836,123518,6175.9,14414403
837,124576,6228.8,14537921
838,125643,6282.1,14662497
839,126718,6335.9,14788140
840,127803,6390.1,14914858
841,128898,6444.9,15042661
842,130001,6500.1,15171559
843,131114,6555.7,15301560
844,132237,6611.9,15432674
845,133369,6668.4,15564911
846,134511,6725.6,15698280
847,135663,6783.1,15832791
848,136824,6841.2,15968454
849,137996,6899.8,16105278
850,139178,6958.9,16243274
851,140369,7018.4,16382452
852,141571,7078.6,16522821
853,142783,7139.1,16664392
854,144006,7200.3,16807175
855,145239,7261.9,16951181
856,146482,7324.1,17096420
857,147737,7386.9,17242902
858,149001,7450.1,17390639
859,150277,7513.9,17539640
860,151564,7578.2,17689917
861,152862,7643.1,17841481
862,154170,7708.5,17994343
863,155490,7774.5,18148513
864,156822,7841.1,18304003
865,158165,7908.2,18460825
866,159519,7975.9,18618990
867,160885,8044.2,18778509
868,162262,8113.1,18939394
869,163651,8182.6,19101656
870,165053,8252.6,19265307
871,166466,8323.3,19430360
872,167891,8394.5,19596826
873,169329,8466.5,19764717
874,170779,8539,19934046
875,172241,8612,20104825
876,173716,8685.8,20277066
877,175203,8760.1,20450782
878,176703,8835.1,20625985
879,178216,8910.8,20802688
880,179742,8987.1,20980904
881,181281,9064,21160646
882,182833,9141.6,21341927
883,184398,9219.9,21524760
884,185977,9298.9,21709158
885,187570,9378.5,21895135
886,189176,9458.8,22082705
887,190795,9539.8,22271881
888,192429,9621.5,22462676
889,194077,9703.9,22655105
890,195738,9786.9,22849182
891,197414,9870.7,23044920
892,199105,9955.2,23242334
893,200809,10040.5,23441439
894,202529,10126.5,23642248
895,204263,10213.1,23844777
896,206012,10300.6,24049040
897,207776,10388.8,24255052
898,209555,10477.8,24462828
899,211349,10567.5,24672383
900,213159,10658,24883732
901,214984,10749.2,25096891
902,216824,10841.2,25311875
903,218681,10934,25528699
904,220553,11027.6,25747380
905,222442,11122.1,25967933
906,224346,11217.3,26190375
907,226267,11313.4,26414721
908,228204,11410.2,26640988
909,230158,11507.9,26869192
910,232129,11606.5,27099350
911,234117,11705.9,27331479
912,236121,11806,27565596
913,238143,11907.1,27801717
914,240182,12009.1,28039860
915,242238,12111.9,28280042
916,244312,12215.6,28522280
917,246404,12320.2,28766592
918,248514,12425.7,29012996
919,250642,12532.1,29261510
920,252788,12639.4,29512152
921,254952,12747.6,29764940
922,257135,12856.8,30019892
923,259337,12966.9,30277027
924,261557,13077.9,30536364
925,263797,13189.9,30797921
926,266055,13302.8,31061718
927,268334,13416.7,31327773
928,270631,13531.5,31596107
929,272948,13647.4,31866738
930,275285,13764.2,32139686
931,277642,13882.1,32414971
932,280019,14001,32692613
933,282417,14120.9,32972632
934,284835,14241.8,33255049
935,287274,14363.7,33539884
936,289734,14486.7,33827158
937,292214,14610.7,34116892
938,294716,14735.8,34409106
939,297240,14862,34703822
940,299785,14989.2,35001062
941,302352,15117.6,35300847
942,304940,15247,35603199
943,307551,15377.5,35908139
944,310185,15509.2,36215690
945,312841,15642,36525875
946,315519,15776,36838716
947,318221,15911,37154235
948,320945,16047.2,37472456
949,323693,16184.6,37793401
950,326465,16323.2,38117094
951,329260,16463,38443559
952,332079,16604,38772819
953,334923,16746.2,39104898
954,337790,16889.5,39439821
955,340682,17034.1,39777611
956,343599,17180,40118293
957,346541,17327,40461892
958,349509,17475.5,40808433
959,352501,17625,41157942
960,355519,17776,41510443
961,358563,17928.2,41865962
962,361633,18081.7,42224525
963,364730,18236.5,42586158
964,367853,18392.7,42950888
965,371002,18550.1,43318741
966,374179,18709,43689743
967,377383,18869.2,44063922
968,380614,19030.7,44441305
969,383873,19193.7,44821919
970,387159,19358,45205792
971,390474,19523.7,45592951
972,393818,19690.9,45983425
973,397190,19859.5,46377243
974,400590,20029.5,46774433
975,404020,20201,47175023
976,407480,20374,47579043
977,410968,20548.4,47986523
978,414487,20724.3,48397491
979,418036,20901.8,48811978
980,421615,21080.8,49230014
981,425225,21261.2,49651629
982,428866,21443.3,50076854
983,432538,21626.9,50505720
984,436242,21812.1,50938258
985,439977,21998.8,51374500
986,443744,22187.2,51814477
987,447544,22377.2,52258221
988,451375,22568.8,52705765
989,455240,22762,53157140
990,459138,22956.9,53612380
991,463069,23153.5,54071518
992,467034,23351.7,54534587
993,471033,23551.7,55001621
994,475066,23753.3,55472654
995,479134,23956.7,55947720
996,483236,24161.8,56426854
997,487374,24368.7,56910090
998,491547,24577.3,57397464
999,495755,24787.8,57889011
1000,500000,25000,58384766
1001,504281,25214,58884766
1002,508599,25430,59389047
1003,512954,25647.7,59897646
1004,517346,25867.3,60410600
1005,521775,26088.8,60927946
1006,526243,26312.2,61449721
1007,530748,26537.4,61975964
1008,535293,26764.7,62506712
1009,539876,26993.8,63042005
1010,544499,27225,63581881
1011,549161,27458,64126380
1012,553863,27693.2,64675541
1013,558605,27930.2,65229404
1014,563388,28169.4,65788009
1015,568212,28410.6,66351397
1016,573077,28653.8,66919609
1017,577983,28899.2,67492686
1018,582932,29146.6,68070669
1019,587923,29396.2,68653601
1020,592957,29647.8,69241524
1021,598034,29901.7,69834481
1022,603155,30157.8,70432515
1023,608319,30416,71035670
1024,613528,30676.4,71643989
1025,618781,30939,72257517
1026,624079,31204,72876298
1027,629422,31471.1,73500377
1028,634812,31740.6,74129799
1029,640247,32012.3,74764611
1030,645729,32286.5,75404858
1031,651258,32562.9,76050587
1032,656834,32841.7,76701845
1033,662458,33122.9,77358679
1034,668130,33406.5,78021137
1035,673850,33692.5,78689267
1036,679620,33981,79363117
1037,685439,34271.9,80042737
1038,691308,34565.4,80728176
1039,697227,34861.3,81419484
1040,703197,35159.8,82116711
1041,709218,35460.9,82819908
1042,715290,35764.5,83529126
1043,721415,36070.8,84244416
1044,727591,36379.6,84965831
1045,733821,36691.1,85693422
1046,740104,37005.2,86427243
1047,746441,37322.1,87167347
1048,752832,37641.6,87913788
1049,759278,37963.9,88666620
1050,765779,38288.9,89425898
1051,772336,38616.8,90191677
1052,778949,38947.4,90964013
1053,785618,39280.9,91742962
1054,792345,39617.2,92528580
1055,799129,39956.4,93320925
1056,805971,40298.6,94120054
1057,812872,40643.6,94926025
1058,819832,40991.6,95738897
1059,826852,41342.6,96558729
1060,833931,41696.6,97385581
1061,841072,42053.6,98219512
1062,848273,42413.7,99060584
1063,855536,42776.8,99908857
1064,862861,43143.1,100764393
1065,870249,43512.4,101627254
1066,877701,43885.1,102497503
1067,885216,44260.8,103375204
1068,892795,44639.8,104260420
1069,900439,45021.9,105153215
1070,908149,45407.4,106053654
1071,915925,45796.2,106961803
1072,923767,46188.3,107877728
1073,931676,46583.8,108801495
1074,939654,46982.7,109733171
1075,947699,47384.9,110672825
1076,955813,47790.7,111620524
1077,963997,48199.8,112576337
1078,972251,48612.6,113540334
1079,980576,49028.8,114512585
1080,988972,49448.6,115493161
1081,997439,49871.9,116482133
1082,1005980,50299,117479572
1083,1014593,50729.7,118485552
1084,1023280,51164,119500145
1085,1032042,51602.1,120523425
1086,1040878,52043.9,121555467
1087,1049790,52489.5,122596345
1088,1058779,52938.9,123646135
1089,1067844,53392.2,124704914
1090,1076987,53849.3,125772758
1091,1086209,54310.4,126849745
1092,1095509,54775.4,127935954
1093,1104889,55244.4,129031463
1094,1114349,55717.4,130136352
1095,1123890,56194.5,131250701
1096,1133513,56675.7,132374591
1097,1143219,57160.9,133508104
1098,1153007,57650.3,134651323
1099,1162879,58143.9,135804330
1100,1172836,58641.8,136967209
1101,1182878,59143.9,138140045
1102,1193006,59650.3,139322923
1103,1203221,60161.1,140515929
1104,1213523,60676.2,141719150
1105,1223913,61195.7,142932673
1106,1234393,61719.7,144156586
1107,1244962,62248.1,145390979
1108,1255621,62781.1,146635941
1109,1266372,63318.6,147891562
1110,1277215,63860.8,149157934
1111,1288151,64407.6,150435149
1112,1299180,64959,151723300
1113,1310304,65515.2,153022480
1114,1321523,66076.1,154332784
1115,1332838,66641.9,155654307
1116,1344250,67212.5,156987145
1117,1355760,67788,158331395
1118,1367368,68368.4,159687155
1119,1379076,68953.8,161054523
1120,1390883,69544.1,162433599
1121,1402792,70139.6,163824482
1122,1414803,70740.1,165227274
1123,1426917,71345.9,166642077
1124,1439135,71956.8,168068994
1125,1451457,72572.9,169508129
1126,1463884,73194.2,170959586
1127,1476418,73820.9,172423470
1128,1489060,74453,173899888
1129,1501809,75090.4,175388948
1130,1514668,75733.4,176890757
1131,1527637,76381.9,178405425
1132,1540717,77035.9,179933062
1133,1553909,77695.4,181473779
1134,1567213,78360.6,183027688
1135,1580632,79031.6,184594901
1136,1594166,79708.3,186175533
1137,1607815,80390.8,187769699
1138,1621582,81079.1,189377514
1139,1635466,81773.3,190999096
1140,1649469,82473.4,192634562
1141,1663592,83179.6,194284031
1142,1677836,83891.8,195947623
1143,1692202,84610.1,197625459
1144,1706691,85334.6,199317661
1145,1721304,86065.2,201024352
1146,1736042,86802.1,202745656
1147,1750906,87545.3,204481698
1148,1765898,88294.9,206232604
1149,1781018,89050.9,207998502
1150,1796267,89813.4,209779520
1151,1811647,90582.4,211575787
1152,1827159,91357.9,213387434
1153,1842803,92140.1,215214593
1154,1858581,92929.1,217057396
1155,1874495,93724.8,218915977
1156,1890545,94527.2,220790472
1157,1906732,95336.6,222681017
1158,1923058,96152.9,224587749
1159,1939523,96976.1,226510807
1160,1956130,97806.5,228450330
1161,1972878,98643.9,230406460
1162,1989770,99488.5,232379338
1163,2006807,100340.4,234369108
1164,2023990,101199.5,236375915
1165,2041320,102066,238399905
1166,2058798,102939.9,240441225
1167,2076425,103821.2,242500023
1168,2094204,104710.2,244576448
1169,2112135,105606.8,246670652
1170,2130220,106511,248782787
1171,2148459,107422.9,250913007
1172,2166854,108342.7,253061466
1173,2185407,109270.4,255228320
1174,2204119,110205.9,257413727
1175,2222991,111149.6,259617846
1176,2242025,112101.2,261840837
1177,2261221,113061.1,264082862
1178,2280582,114029.1,266344083
1179,2300109,115005.4,268624665
1180,2319803,115990.1,270924774
1181,2339665,116983.2,273244577
1182,2359698,117984.9,275584242
1183,2379902,118995.1,277943940
1184,2400279,120013.9,280323842
1185,2420831,121041.6,282724121
1186,2441558,122077.9,285144952
1187,2462463,123123.1,287586510
1188,2483547,124177.4,290048973
1189,2504812,125240.6,292532520
1190,2526259,126312.9,295037332
1191,2547889,127394.4,297563591
1192,2569704,128485.2,300111480
1193,2591707,129585.4,302681184
1194,2613897,130694.9,305272891
1195,2636278,131813.9,307886788
1196,2658850,132942.5,310523066
1197,2681616,134080.8,313181916
1198,2704576,135228.8,315863532
1199,2727733,136386.6,318568108
1200,2751088,137554.4,321295841
1201,2774644,138732.2,324046929
1202,2798401,139920,326821573
1203,2822361,141118,329619974
1204,2846526,142326.3,332442335
1205,2870899,143545,335288861
1206,2895480,144774,338159760
1207,2920272,146013.6,341055240
1208,2945275,147263.8,343975512
1209,2970493,148524.6,346920787
1210,2995927,149796.4,349891280
1211,3021579,151079,352887207
1212,3047450,152372.5,355908786
1213,3073543,153677.1,358956236
1214,3099859,154993,362029779
1215,3126401,156320,365129638
1216,3153169,157658.5,368256039
1217,3180167,159008.4,371409208
1218,3207396,160369.8,374589375
1219,3234859,161743,377796771
1220,3262556,163127.8,381031630
1221,3290491,164524.5,384294186
1222,3318664,165933.2,387584677
1223,3347079,167354,390903341
1224,3375738,168786.9,394250420
1225,3404641,170232,397626158
1226,3433792,171689.6,401030799
1227,3463193,173159.6,404464591
1228,3492845,174642.2,407927784
1229,3522752,176137.6,411420629
1230,3552914,177645.7,414943381
1231,3583335,179166.8,418496295
1232,3614016,180700.8,422079630
1233,3644960,182248,425693646
1234,3676169,183808.5,429338606
1235,3707644,185382.2,433014775
1236,3739390,186969.5,436722419
1237,3771407,188570.4,440461809
1238,3803699,190185,444233216
1239,3836267,191813.4,448036915
1240,3869113,193455.6,451873182
1241,3902241,195112,455742295
1242,3935653,196782.6,459644536
1243,3969351,198467.5,463580189
1244,4003337,200166.9,467549540
1245,4037614,201880.7,471552877
1246,4072185,203609.2,475590491
1247,4107052,205352.6,479662676
1248,4142217,207110.9,483769728
1249,4177683,208884.1,487911945
1250,4213453,210672.6,492089628
1251,4249529,212476.5,496303081
1252,4285915,214295.8,500552610
1253,4322611,216130.5,504838525
1254,4359622,217981.1,509161136
1255,4396950,219847.5,513520758
1256,4434598,221729.9,517917708
1257,4472567,223628.4,522352306
1258,4510862,225543.1,526824873
1259,4549485,227474.2,531335735
1260,4588438,229421.9,535885220
1261,4627725,231386.2,540473658
1262,4667349,233367.5,545101383
1263,4707311,235365.5,549768732
1264,4747616,237380.8,554476043
1265,4788266,239413.3,559223659
1266,4829264,241463.2,564011925
1267,4870613,243530.6,568841189
1268,4912316,245615.8,573711802
1269,4954376,247718.8,578624118
1270,4996796,249839.8,583578494
1271,5039579,251979,588575290
1272,5082729,254136.5,593614869
1273,5126248,256312.4,598697598
1274,5170140,258507,603823846
1275,5214408,260720.4,608993986
1276,5259054,262952.7,614208394
1277,5304083,265204.2,619467448
1278,5349498,267474.9,624771531
1279,5395301,269765,630121029
1280,5441496,272074.8,635516330
1281,5488087,274404.3,640957826
1282,5535077,276753.8,646445913
1283,5582470,279123.5,651980990
1284,5630268,281513.4,657563460
1285,5678475,283923.8,663193728
1286,5727095,286354.8,668872203
1287,5776131,288806.5,674599298
1288,5825588,291279.4,680375429
1289,5875467,293773.3,686201017
1290,5925774,296288.7,692076484
1291,5976511,298825.5,698002258
1292,6027683,301384.2,703978769
1293,6079293,303964.7,710006452
1294,6131345,306567.2,716085745
1295,6183843,309192.2,722217090
1296,6236790,311839.5,728400933
1297,6290190,314509.5,734637723
1298,6344048,317202.4,740927913
1299,6398367,319918.3,747271961
1300,6453151,322657.5,753670328
1301,6508404,325420.2,760123479
1302,6564130,328206.5,766631883
1303,6620333,331016.7,773196013
1304,6677017,333850.8,779816346
1305,6734187,336709.3,786493363
1306,6791846,339592.3,793227550
1307,6849999,342500,800019396
1308,6908650,345432.5,806869395
1309,6967803,348390.2,813778045
1310,7027462,351373.1,820745848
1311,7087633,354381.7,827773310
1312,7148318,357415.9,834860943
1313,7209523,360476.2,842009261
1314,7271252,363562.6,849218784
1315,7333510,366675.5,856490036
1316,7396301,369815,863823546
1317,7459629,372981.5,871219847
1318,7523500,376175,878679476
1319,7587917,379395.8,886202976
1320,7652886,382644.3,893790893
1321,7718412,385920.6,901443779
1322,7784498,389224.9,909162191
1323,7851150,392557.5,916946689
1324,7918373,395918.7,924797839
1325,7986171,399308.5,932716212
1326,8054550,402727.5,940702383
1327,8123515,406175.8,948756933
1328,8193070,409653.5,956880448
1329,8263220,413161,965073518
1330,8333971,416698.5,973336738
1331,8405328,420266.4,981670709
1332,8477296,423864.8,990076037
1333,8549880,427494,998553333
1334,8623085,431154.2,1007103213
1335,8696918,434845.9,1015726298
1336,8771382,438569.1,1024423216
1337,8846484,442324.2,1033194598
1338,8922229,446111.5,1042041082
1339,8998623,449931.2,1050963311
1340,9075670,453783.5,1059961934
1341,9153378,457668.9,1069037604
1342,9231751,461587.5,1078190982
1343,9310794,465539.7,1087422733
1344,9390515,469525.8,1096733527
1345,9470918,473545.9,1106124042
1346,9552010,477600.5,1115594960
1347,9633796,481689.8,1125146970
1348,9716282,485814.1,1134780766
1349,9799474,489973.7,1144497048
1350,9883379,494169,1154296522
1351,9968002,498400.1,1164179901
1352,10053350,502667.5,1174147903
1353,10139428,506971.4,1184201253
1354,10226244,511312.2,1194340681
1355,10313802,515690.1,1204566925
1356,10402111,520105.5,1214880727
1357,10491175,524558.8,1225282838
1358,10581003,529050.2,1235774013
1359,10671599,533579.9,1246355016
1360,10762971,538148.6,1257026615
1361,10855125,542756.2,1267789586
1362,10948069,547403.4,1278644711
1363,11041808,552090.4,1289592780
1364,11136350,556817.5,1300634588
1365,11231701,561585.1,1311770938
1366,11327869,566393.4,1323002639
1367,11424860,571243,1334330508
1368,11522681,576134.1,1345755368
1369,11621340,581067,1357278049
1370,11720844,586042.2,1368899389
1371,11821200,591060,1380620233
1372,11922415,596120.8,1392441433
1373,12024497,601224.8,1404363848
1374,12127453,606372.7,1416388345
1375,12231290,611564.5,1428515798
1376,12336016,616800.8,1440747088
1377,12441639,622081.9,1453083104
1378,12548167,627408.3,1465524743
1379,12655606,632780.3,1478072910
1380,12763965,638198.2,1490728516
1381,12873253,643662.7,1503492481
1382,12983476,649173.8,1516365734
1383,13094642,654732.1,1529349210
1384,13206761,660338.1,1542443852
1385,13319839,665991.9,1555650613
1386,13433886,671694.3,1568970452
1387,13548909,677445.4,1582404338
1388,13664917,683245.8,1595953247
1389,13781918,689095.9,1609618164
1390,13899922,694996.1,1623400082
1391,14018935,700946.8,1637300004
1392,14138967,706948.3,1651318939
1393,14260028,713001.4,1665457906
1394,14382124,719106.2,1679717934
1395,14505266,725263.3,1694100058
1396,14629463,731473.2,1708605324
1397,14754723,737736.2,1723234787
1398,14881055,744052.8,1737989510
1399,15008469,750423.4,1752870565
1400,15136974,756848.7,1767879034
1401,15266580,763329,1783016008
1402,15397295,769864.8,1798282588
1403,15529129,776456.4,1813679883
1404,15662092,783104.6,1829209012
1405,15796193,789809.7,1844871104
1406,15931443,796572.2,1860667297
1407,16067851,803392.6,1876598740
1408,16205426,810271.3,1892666591
1409,16344180,817209,1908872017
1410,16484121,824206.1,1925216197
1411,16625261,831263.1,1941700318
1412,16767609,838380.4,1958325579
1413,16911176,845558.8,1975093188
1414,17055973,852798.7,1992004364
1415,17202009,860100.4,2009060337
1416,17349295,867464.8,2026262346
1417,17497843,874892.2,2043611641
1418,17647662,882383.1,2061109484
1419,17798764,889938.2,2078757146
1420,17951160,897558,2096555910
1421,18104861,905243.1,2114507070
1422,18259878,912993.9,2132611931
1423,18416222,920811.1,2150871809
1424,18573905,928695.2,2169288031
1425,18732938,936646.9,2187861936
1426,18893332,944666.6,2206594874
1427,19055100,952755,2225488206
1428,19218253,960912.7,2244543306
1429,19382803,969140.2,2263761559
1430,19548762,977438.1,2283144362
1431,19716142,985807.1,2302693124
1432,19884954,994247.7,2322409266
1433,20055213,1002760.7,2342294220
1434,20226929,1011346.4,2362349433
1435,20400115,1020005.8,2382576362
1436,20574784,1028739.2,2402976477
1437,20750949,1037547.4,2423551261
1438,20928622,1046431.1,2444302210
1439,21107816,1055390.8,2465230832
1440,21288545,1064427.2,2486338648
1441,21470821,1073541.1,2507627193
1442,21654658,1082732.9,2529098014
1443,21840069,1092003.4,2550752672
1444,22027067,1101353.4,2572592741
1445,22215666,1110783.3,2594619808
1446,22405881,1120294.1,2616835474
1447,22597724,1129886.2,2639241355
1448,22791209,1139560.4,2661839079
1449,22986351,1149317.6,2684630288
1450,23183164,1159158.2,2707616639
1451,23381662,1169083.1,2730799803
1452,23581860,1179093,2754181465
1453,23783772,1189188.6,2777763325
1454,23987412,1199370.6,2801547097
1455,24192797,1209639.9,2825534509
1456,24399939,1219996.9,2849727306
1457,24608856,1230442.8,2874127245
1458,24819561,1240978.1,2898736101
1459,25032070,1251603.5,2923555662
1460,25246399,1262319.9,2948587732
1461,25462563,1273128.1,2973834131
1462,25680577,1284028.9,2999296694
1463,25900459,1295022.9,3024977271
1464,26122223,1306111.1,3050877730
1465,26345885,1317294.2,3076999953
1466,26571463,1328573.1,3103345838
1467,26798973,1339948.6,3129917301
1468,27028430,1351421.5,3156716274
1469,27259852,1362992.6,3183744704
1470,27493255,1374662.8,3211004556
1471,27728657,1386432.9,3238497811
1472,27966074,1398303.7,3266226468
1473,28205525,1410276.2,3294192542
1474,28447025,1422351.2,3322398067
1475,28690593,1434529.6,3350845092
1476,28936247,1446812.4,3379535685
1477,29184004,1459200.2,3408471932
1478,29433882,1471694.1,3437655936
1479,29685900,1484295,3467089818
1480,29940075,1497003.8,3496775718
1481,30196427,1509821.4,3526715793
1482,30454974,1522748.7,3556912220
1483,30715735,1535786.8,3587367194
1484,30978728,1548936.4,3618082929
1485,31243973,1562198.6,3649061657
1486,31511489,1575574.4,3680305630
1487,31781296,1589064.8,3711817119
1488,32053412,1602670.6,3743598415
1489,32327859,1616392.9,3775651827
1490,32604656,1630232.8,3807979686
1491,32883822,1644191.1,3840584342
1492,33165379,1658268.9,3873468164
1493,33449346,1672467.3,3906633543
1494,33735745,1686787.2,3940082889
1495,34024596,1701229.8,3973818634
1496,34315920,1715796,4007843230
1497,34609739,1730486.9,4042159150
1498,34906073,1745303.6,4076768889
1499,35204945,1760247.2,4111674962
1500,35506376,1775318.8,4146879907
1501,35810387,1790519.4,4182386283
1502,36117002,1805850.1,4218196670
1503,36426241,1821312.1,4254313672
1504,36738129,1836906.4,4290739913
1505,37052687,1852634.4,4327478042
1506,37369938,1868496.9,4364530729
1507,37689906,1884495.3,4401900667
1508,38012613,1900630.6,4439590573
1509,38338083,1916904.1,4477603186
1510,38666340,1933317,4515941269
1511,38997408,1949870.4,4554607609
1512,39331310,1966565.5,4593605017
1513,39668072,1983403.6,4632936327
1514,40007716,2000385.8,4672604399
1515,40350269,2017513.4,4712612115
1516,40695755,2034787.8,4752962384
1517,41044198,2052209.9,4793658139
1518,41395626,2069781.3,4834702337
1519,41750062,2087503.1,4876097963
1520,42107533,2105376.6,4917848025
1521,42468065,2123403.2,4959955558
1522,42831683,2141584.1,5002423623
1523,43198415,2159920.8,5045255306
1524,43568287,2178414.4,5088453721
1525,43941326,2197066.3,5132022008
1526,44317559,2215878,5175963334
1527,44697013,2234850.6,5220280893
1528,45079717,2253985.9,5264977906
1529,45465697,2273284.9,5310057623
1530,45854982,2292749.1,5355523320
1531,46247600,2312380,5401378302
1532,46643579,2332179,5447625902
1533,47042949,2352147.5,5494269481
1534,47445739,2372287,5541312430
1535,47851977,2392598.9,5588758169
1536,48261694,2413084.7,5636610146
1537,48674918,2433745.9,5684871840
1538,49091681,2454584,5733546758
1539,49512012,2475600.6,5782638439
1540,49935942,2496797.1,5832150451
1541,50363502,2518175.1,5882086393
1542,50794723,2539736.1,5932449895
1543,51229636,2561481.8,5983244618
1544,51668272,2583413.6,6034474254
1545,52110665,2605533.2,6086142526
1546,52556845,2627842.2,6138253191
1547,53006845,2650342.2,6190810036
1548,53460699,2673035,6243816881
1549,53918438,2695921.9,6297277580
1550,54380097,2719004.9,6351196018
1551,54845708,2742285.4,6405576115
1552,55315306,2765765.3,6460421823
1553,55788925,2789446.2,6515737129
1554,56266599,2813330,6571526054
1555,56748363,2837418.1,6627792653
1556,57234252,2861712.6,6684541016
1557,57724301,2886215,6741775268
1558,58218546,2910927.3,6799499569
1559,58717023,2935851.1,6857718115
1560,59219768,2960988.4,6916435138
1561,59726818,2986340.9,6975654906
1562,60238209,3011910.5,7035381724
1563,60753978,3037698.9,7095619933
1564,61274164,3063708.2,7156373911
1565,61798804,3089940.2,7217648075
1566,62327935,3116396.8,7279446879
1567,62861597,3143079.9,7341774814
1568,63399829,3169991.5,7404636411
1569,63942669,3197133.5,7468036240
1570,64490156,3224507.8,7531978909
1571,65042332,3252116.6,7596469065
1572,65599235,3279961.8,7661511397
1573,66160907,3308045.4,7727110632
1574,66727387,3336369.4,7793271539
1575,67298718,3364935.9,7859998926
1576,67874941,3393747,7927297644
1577,68456098,3422804.9,7995172585
1578,69042230,3452111.5,8063628683
1579,69633381,3481669,8132670913
1580,70229594,3511479.7,8202304294
1581,70830911,3541545.5,8272533888
1582,71437377,3571868.9,8343364799
1583,72049036,3602451.8,8414802176
1584,72665932,3633296.6,8486851212
1585,73288110,3664405.5,8559517144
1586,73915615,3695780.8,8632805254
1587,74548493,3727424.6,8706720869
1588,75186789,3759339.5,8781269362
1589,75830551,3791527.5,8856456151
1590,76479825,3823991.2,8932286702
1591,77134658,3856732.9,9008766527
1592,77795097,3889754.9,9085901185
1593,78461192,3923059.6,9163696282
1594,79132990,3956649.5,9242157474
1595,79810540,3990527,9321290464
1596,80493891,4024694.5,9401101004
1597,81183093,4059154.6,9481594895
1598,81878196,4093909.8,9562777988
1599,82579251,4128962.5,9644656184
1600,83286308,4164315.4,9727235435
1601,83999419,4199971,9810521743
1602,84718636,4235931.8,9894521162
1603,85444011,4272200.5,9979239798
1604,86175597,4308779.8,10064683809
1605,86913447,4345672.3,10150859406
1606,87657614,4382880.7,10237772853
1607,88408153,4420407.7,10325430467
1608,89165119,4458256,10413838620
1609,89928565,4496428.2,10503003739
1610,90698549,4534927.5,10592932304
1611,91475125,4573756.2,10683630853
1612,92258350,4612917.5,10775105978
1613,93048281,4652414,10867364328
1614,93844976,4692248.8,10960412609
1615,94648492,4732424.6,11054257585
1616,95458889,4772944.5,11148906077
1617,96276223,4813811.2,11244364966
1618,97100556,4855027.8,11340641189
1619,97931948,4896597.4,11437741745
1620,98770457,4938522.8,11535673693
1621,99616146,4980807.3,11634444150
1622,100469076,5023453.8,11734060296
1623,101329309,5066465.5,11834529372
1624,102196908,5109845.4,11935858681
1625,103071935,5153596.8,12038055589
1626,103954454,5197722.7,12141127524
1627,104844529,5242226.5,12245081978
1628,105742225,5287111.2,12349926507
1629,106647608,5332380.4,12455668732
1630,107560742,5378037.1,12562316340
1631,108481695,5424084.8,12669877082
1632,109410534,5470526.7,12778358777
1633,110347325,5517366.2,12887769311
1634,111292137,5564606.8,12998116636
1635,112245039,5612252,13109408773
1636,113206099,5660305,13221653812
1637,114175389,5708769.5,13334859911
1638,115152978,5757648.9,13449035300
1639,116138937,5806946.8,13564188278
1640,117133337,5856666.8,13680327215
1641,118136253,5906812.7,13797460552
1642,119147755,5957387.8,13915596805
1643,120167918,6008395.9,14034744560
1644,121196815,6059840.8,14154912478
1645,122234523,6111726.2,14276109293
1646,123281115,6164055.8,14398343816
1647,124336668,6216833.4,14521624931
1648,125401260,6270063,14645961599
1649,126474966,6323748.3,14771362859
1650,127557866,6377893.3,14897837825
1651,128650037,6432501.8,15025395691
1652,129751561,6487578,15154045728
1653,130862515,6543125.8,15283797289
1654,131982982,6599149.1,15414659804
1655,133113042,6655652.1,15546642786
1656,134252778,6712638.9,15679755828
1657,135402272,6770113.6,15814008606
1658,136561609,6828080.5,15949410878
1659,137730872,6886543.6,16085972487
1660,138910147,6945507.3,16223703359
1661,140099519,7004976,16362613506
1662,141299074,7064953.7,16502713025
1663,142508900,7125445,16644012099
1664,143729085,7186454.2,16786520999
1665,144959718,7247985.9,16930250084
1666,146200887,7310044.3,17075209802
1667,147452683,7372634.2,17221410689
1668,148715198,7435759.9,17368863372
1669,149988522,7499426.1,17517578570
1670,151272749,7563637.5,17667567092
1671,152567971,7628398.5,17818839841
1672,153874283,7693714.2,17971407812
1673,155191781,7759589,18125282095
1674,156520558,7826027.9,18280473876
1675,157860713,7893035.7,18436994434
1676,159212343,7960617.2,18594855147
1677,160575546,8028777.3,18754067490
1678,161950420,8097521,18914643036
1679,163337067,8166853.3,19076593456
1680,164735586,8236779.3,19239930523
1681,166146079,8307304,19404666109
1682,167568650,8378432.5,19570812188
1683,169003400,8450170,19738380838
1684,170450436,8522521.8,19907384238
1685,171909861,8595493.1,20077834674
1686,173381781,8669089.1,20249744535
1687,174866305,8743315.2,20423126316
1688,176363539,8818176.9,20597992621
1689,177873593,8893679.7,20774356160
1690,179396577,8969828.8,20952229753
1691,180932600,9046630,21131626330
1692,182481775,9124088.8,21312558930
1693,184044214,9202210.7,21495040705
1694,185620032,9281001.6,21679084919
1695,187209341,9360467.1,21864704951
1696,188812259,9440612.9,22051914292
1697,190428901,9521445.1,22240726551
1698,192059385,9602969.2,22431155452
1699,193703829,9685191.4,22623214837
1700,195362353,9768117.7,22816918666
1701,197035078,9851753.9,23012281019
1702,198722125,9936106.2,23209316097
1703,200423617,10021180.8,23408038222
1704,202139678,10106983.9,23608461839
1705,203870431,10193521.6,23810601517
1706,205616004,10280800.2,24014471948
1707,207376522,10368826.1,24220087952
1708,209152115,10457605.8,24427464474
1709,210942910,10547145.5,24636616589
1710,212749038,10637451.9,24847559499
1711,214570631,10728531.6,25060308537
1712,216407820,10820391,25274879168
1713,218260740,10913037,25491286988
1714,220129525,11006476.2,25709547728
1715,222014310,11100715.5,25929677253
1716,223915234,11195761.7,26151691563
1717,225832433,11291621.7,26375606797
1718,227766048,11388302.4,26601439230
1719,229716219,11485810.9,26829205278
1720,231683087,11584154.3,27058921497
1721,233666796,11683339.8,27290604584
1722,235667490,11783374.5,27524271380
1723,237685315,11884265.8,27759938870
1724,239720416,11986020.8,27997624185
1725,241772942,12088647.1,28237344601
1726,243843042,12192152.1,28479117543
1727,245930867,12296543.3,28722960585
1728,248036568,12401828.4,28968891452
1729,250160298,12508014.9,29216928020
1730,252302212,12615110.6,29467088318
1731,254462466,12723123.3,29719390530
1732,256641216,12832060.8,29973852996
1733,258838621,12941931.1,30230494212
1734,261054840,13052742,30489332833
1735,263290035,13164501.8,30750387673
1736,265544368,13277218.4,31013677708
1737,267818003,13390900.2,31279222076
1738,270111105,13505555.2,31547040079
1739,272423841,13621192.1,31817151184
1740,274756380,13737819,32089575025
1741,277108890,13855444.5,32364331405
1742,279481542,13974077.1,32641440295
1743,281874509,14093725.4,32920921837
1744,284287966,14214398.3,33202796346
1745,286722087,14336104.3,33487084312
1746,289177049,14458852.4,33773806399
1747,291653031,14582651.6,34062983448
1748,294150213,14707510.7,34354636479
1749,296668776,14833438.8,34648786692
1750,299208903,14960445.2,34945455468
1751,301770780,15088539,35244664371
1752,304354591,15217729.6,35546435151
1753,306960526,15348026.3,35850789742
1754,309588773,15479438.7,36157750268
1755,312239523,15611976.2,36467339041
1756,314912970,15745648.5,36779578564
1757,317609307,15880465.3,37094491534
1758,320328731,16016436.6,37412100841
1759,323071439,16153571.9,37732429572
1760,325837630,16291881.5,38055501011
1761,328627506,16431375.3,38381338641
1762,331441270,16572063.5,38709966147
1763,334279125,16713956.2,39041407417
1764,337141279,16857063.9,39375686542
1765,340027938,17001396.9,39712827821
1766,342939314,17146965.7,40052855759
1767,345875618,17293780.9,40395795073
1768,348837062,17441853.1,40741670691
1769,351823863,17591193.1,41090507753
1770,354836238,17741811.9,41442331616
1771,357874404,17893720.2,41797167854
1772,360938585,18046929.2,42155042258
1773,364029001,18201450.1,42515980843
1774,367145878,18357293.9,42880009844
1775,370289442,18514472.1,43247155722
1776,373459922,18672996.1,43617445164
1777,376657548,18832877.4,43990905086
1778,379882552,18994127.6,44367562634
1779,383135170,19156758.5,44747445186
1780,386415637,19320781.9,45130580356
1781,389724192,19486209.6,45516995993
1782,393061075,19653053.8,45906720185
1783,396426529,19821326.4,46299781260
1784,399820799,19991039.9,46696207789
1785,403244132,20162206.6,47096028588
1786,406696775,20334838.8,47499272720
1787,410178980,20508949,47905969495
1788,413691001,20684550.1,48316148475
1789,417233092,20861654.6,48729839476
1790,420805511,21040275.6,49147072568
1791,424408518,21220425.9,49567878079
1792,428042374,21402118.7,49992286597
1793,431707344,21585367.2,50420328971
1794,435403695,21770184.8,50852036315
1795,439131693,21956584.6,51287440010
1796,442891612,22144580.6,51726571703
1797,446683724,22334186.2,52169463315
1798,450508304,22525415.2,52616147039
1799,454365631,22718281.6,53066655343
1800,458255985,22912799.2,53521020974
1801,462179649,23108982.4,53979276959
1802,466136908,23306845.4,54441456608
1803,470128050,23506402.5,54907593516
1804,474153365,23707668.2,55377721566
1805,478213145,23910657.2,55851874931
1806,482307685,24115384.2,56330088076
1807,486437284,24321864.2,56812395761
1808,490602241,24530112.1,57298833045
1809,494802859,24740142.9,57789435286
1810,499039443,24951972.1,58284238145
1811,503312302,25165615.1,58783277588
1812,507621745,25381087.2,59286589890
1813,511968087,25598404.4,59794211635
1814,516351643,25817582.1,60306179722
1815,520772732,26038636.6,60822531365
1816,525231675,26261583.8,61343304097
1817,529728796,26486439.8,61868535772
1818,534264422,26713221.1,62398264568
1819,538838883,26941944.1,62932528990
1820,543452511,27172625.6,63471367873
1821,548105641,27405282.1,64014820384
1822,552798613,27639930.6,64562926025
1823,557531767,27876588.4,65115724638
1824,562305447,28115272.4,65673256405
1825,567119999,28355999.9,66235561852
1826,571975775,28598788.8,66802681851
1827,576873127,28843656.4,67374657626
1828,581812411,29090620.6,67951530753
1829,586793985,29339699.2,68533343164
1830,591818213,29590910.6,69120137149
1831,596885459,29844272.9,69711955362
1832,601996092,30099804.6,70308840821
1833,607150482,30357524.1,70910836913
1834,612349006,30617450.3,71517987395
1835,617592040,30879602,72130336401
1836,622879965,31143998.2,72747928441
1837,628213167,31410658.4,73370808406
1838,633592033,31679601.6,73999021573
1839,639016953,31950847.6,74632613606
1840,644488323,32224416.1,75271630559
1841,650006539,32500326.9,75916118882
1842,655572003,32778600.1,76566125421
1843,661185120,33059256,77221697424
1844,666846297,33342314.9,77882882544
1845,672555946,33627797.3,78549728841
1846,678314482,33915724.1,79222284787
1847,684122323,34206116.1,79900599269
1848,689979892,34498994.6,80584721592
1849,695887615,34794380.8,81274701484
1850,701845920,35092296,81970589099
1851,707855242,35392762.1,82672435019
1852,713916016,35695800.8,83380290261
1853,720028684,36001434.2,84094206277
1854,726193689,36309684.5,84814234961
1855,732411480,36620574,85540428650
1856,738682509,36934125.5,86272840130
1857,745007232,37250361.6,87011522639
1858,751386108,37569305.4,87756529871
1859,757819601,37890980,88507915979
1860,764308178,38215408.9,89265735580
1861,770852312,38542615.6,90030043758
1862,777452478,38872623.9,90800896070
1863,784109155,39205457.8,91578348548
1864,790822828,39541141.4,92362457703
1865,797593985,39879699.2,93153280531
1866,804423117,40221155.9,93950874516
1867,811310722,40565536.1,94755297633
1868,818257299,40912865,95566608355
1869,825263354,41263167.7,96384865654
1870,832329396,41616469.8,97210129008
1871,839455939,41972797,98042458404
1872,846643500,42332175,98881914343
1873,853892603,42694630.1,99728557843
1874,861203773,43060188.6,1.00582E+11
1875,868577543,43428877.1,1.01444E+11
1876,876014449,43800722.5,1.02312E+11
1877,883515030,44175751.5,1.03188E+11
1878,891079833,44553991.6,1.04072E+11
1879,898709407,44935470.4,1.04963E+11
1880,906404306,45320215.3,1.05862E+11
1881,914165091,45708254.5,1.06768E+11
1882,921992324,46099616.2,1.07682E+11
1883,929886576,46494328.8,1.08604E+11
1884,937848419,46892421,1.09534E+11
1885,945878434,47293921.7,1.10472E+11
1886,953977202,47698860.1,1.11418E+11
1887,962145314,48107265.7,1.12372E+11
1888,970383362,48519168.1,1.13334E+11
1889,978691946,48934597.3,1.14304E+11
1890,987071669,49353583.5,1.15283E+11
1891,995523141,49776157,1.1627E+11
1892,1004046975,50202348.8,1.17266E+11
1893,1012643793,50632189.6,1.1827E+11
1894,1021314217,51065710.9,1.19282E+11
1895,1030058880,51502944,1.20304E+11
1896,1038878415,51943920.8,1.21334E+11
1897,1047773465,52388673.2,1.22372E+11
1898,1056744676,52837233.8,1.2342E+11
1899,1065792699,53289635,1.24477E+11
1900,1074918194,53745909.7,1.25543E+11
1901,1084121822,54206091.1,1.26618E+11
1902,1093404253,54670212.6,1.27702E+11
1903,1102766163,55138308.1,1.28795E+11
1904,1112208230,55610411.5,1.29898E+11
1905,1121731142,56086557.1,1.3101E+11
1906,1131335590,56566779.5,1.32132E+11
1907,1141022274,57051113.7,1.33263E+11
1908,1150791896,57539594.8,1.34404E+11
1909,1160645168,58032258.4,1.35555E+11
1910,1170582805,58529140.2,1.36716E+11
1911,1180605530,59030276.5,1.37886E+11
1912,1190714071,59535703.5,1.39067E+11
1913,1200909163,60045458.1,1.40258E+11
1914,1211191547,60559577.4,1.41459E+11
1915,1221561970,61078098.5,1.4267E+11
1916,1232021187,61601059.4,1.43891E+11
1917,1242569958,62128497.9,1.45123E+11
1918,1253209048,62660452.4,1.46366E+11
1919,1263939233,63196961.6,1.47619E+11
1920,1274761291,63738064.5,1.48883E+11
1921,1285676009,64283800.5,1.50158E+11
1922,1296684181,64834209,1.51443E+11
1923,1307786606,65389330.3,1.5274E+11
1924,1318984093,65949204.6,1.54048E+11
1925,1330277454,66513872.7,1.55367E+11
1926,1341667511,67083375.5,1.56697E+11
1927,1353155091,67657754.5,1.58039E+11
1928,1364741030,68237051.5,1.59392E+11
1929,1376426170,68821308.5,1.60757E+11
1930,1388211360,69410568,1.62133E+11
1931,1400097456,70004872.8,1.63521E+11
1932,1412085324,70604266.2,1.64921E+11
1933,1424175833,71208791.7,1.66334E+11
1934,1436369864,71818493.2,1.67758E+11
1935,1448668301,72433415,1.69194E+11
1936,1461072040,73053602,1.70643E+11
1937,1473581982,73679099.1,1.72104E+11
1938,1486199036,74309951.8,1.73577E+11
1939,1498924120,74946206,1.75064E+11
1940,1511758157,75587907.8,1.76563E+11
1941,1524702082,76235104.1,1.78074E+11
1942,1537756835,76887841.8,1.79599E+11
1943,1550923365,77546168.2,1.81137E+11
1944,1564202629,78210131.5,1.82688E+11
1945,1577595592,78879779.6,1.84252E+11
1946,1591103228,79555161.4,1.8583E+11
1947,1604726518,80236325.9,1.87421E+11
1948,1618466454,80923322.7,1.89025E+11
1949,1632324033,81616201.7,1.90644E+11
1950,1646300263,82315013.2,1.92276E+11
1951,1660396159,83019808,1.93922E+11
1952,1674612748,83730637.4,1.95583E+11
1953,1688951061,84447553,1.97257E+11
1954,1703412140,85170607,1.98946E+11
1955,1717997039,85899852,2.0065E+11
1956,1732706815,86635340.8,2.02368E+11
1957,1747542539,87377127,2.04101E+11
1958,1762505289,88125264.5,2.05848E+11
1959,1777596152,88879807.6,2.07611E+11
1960,1792816226,89640811.3,2.09388E+11
1961,1808166617,90408330.8,2.11181E+11
1962,1823648441,91182422,2.12989E+11
1963,1839262822,91963141.1,2.14813E+11
1964,1855010896,92750544.8,2.16652E+11
1965,1870893808,93544690.4,2.18507E+11
1966,1886912712,94345635.6,2.20378E+11
1967,1903068773,95153438.7,2.22265E+11
1968,1919363164,95968158.2,2.24168E+11
1969,1935797071,96789853.5,2.26087E+11
1970,1952371687,97618584.3,2.28023E+11
1971,1969088219,98454411,2.29975E+11
1972,1985947879,99297394,2.31945E+11
1973,2002951896,100147594.8,2.3393E+11
1974,2020101503,101005075.2,2.35933E+11
1975,2037397948,101869897.4,2.37954E+11
1976,2054842488,102742124.4,2.39991E+11
1977,2072436391,103621819.5,2.42046E+11
1978,2090180937,104509046.8,2.44118E+11
1979,2108077413,105403870.7,2.46208E+11
1980,2126127123,106306356.2,2.48316E+11
1981,2144331377,107216568.8,2.50443E+11
1982,2162691499,108134575,2.52587E+11
1983,2181208823,109060441.2,2.5475E+11
1984,2199884696,109994234.8,2.56931E+11
1985,2218720475,110936023.8,2.59131E+11
1986,2237717529,111885876.5,2.61349E+11
1987,2256877239,112843862,2.63587E+11
1988,2276200997,113810049.8,2.65844E+11
1989,2295690209,114784510.5,2.6812E+11
1990,2315346290,115767314.5,2.70416E+11
1991,2335170670,116758533.5,2.72731E+11
1992,2355164790,117758239.5,2.75066E+11
1993,2375330103,118766505.2,2.77422E+11
1994,2395668074,119783403.7,2.79797E+11
1995,2416180183,120809009.2,2.82193E+11
1996,2436867919,121843396,2.84609E+11
1997,2457732788,122886639.4,2.87046E+11
1998,2478776305,123938815.2,2.89503E+11
1999,2500000000,125000000,2.91982E+11
2000,0,0,2.94482E+11
